<?xml version="1.0"?>
<Runs Version="1" Minor="0">
	<Run Id="synth_1_copy_1" LaunchDir="D:/OneDrive/Files/Xilinx_Download_2023.2/codes/my_MIPS/my_MIPS.runs/synth_1_copy_1" FlowId="Vivado_Synthesis" FromStepId="vivado" ToStepId="vivado"/>
	<Run Id="impl_2" LaunchDir="D:/OneDrive/Files/Xilinx_Download_2023.2/codes/my_MIPS/my_MIPS.runs/impl_2" FlowId="Vivado_Implementation" FromStepId="init_design" ToStepId="write_bitstream">
		<Parent Id="synth_1_copy_1"/>
	</Run>
	<Parameters>
		<Parameter Name="runs.monitorLSFJobs" Val="true" Type="bool"/>
		<Parameter Name="runs.enableClusterConf" Val="true" Type="bool"/>
		<Parameter Name="general.shortenLongPath" Val="true" Type="bool"/>
	</Parameters>
	<ProductInfo Name="vivado"/>
</Runs>

